{
    "processing_time": 83.79088354110718,
    "average_time_per_card": 0.08379088354110718,
    "memory_peak_mb": 453.765625,
    "cpu_peak_percent": 49.1,
    "success_rate": 100.0
}